logFC	logCPM	PValue	FDR
Saci_2195	2.20684995776688	11.0927705997396	1.02927302872814e-10	8.54296613844358e-08
Saci_2207	1.36932788985513	9.89460418433025	0.000261715122759092	0.108611775945023
Saci_2057	-1.14348689628657	8.87241522355152	0.000541628664096618	0.149850597066731
Saci_1180	1.48797210844368	8.17850098334313	0.00113928773391529	0.236402204787424
Saci_1894	-1.09947562618601	12.1524959095419	0.00202471619652092	0.336102888622473
Saci_0317	-1.24536685851964	7.65395217154354	0.0047115034094569	0.577439426649283
Saci_0213	0.941399505145304	11.4777632671345	0.00530064963166207	0.577439426649283
Saci_1275	1.18881821521221	8.51178557868687	0.00556568122071598	0.577439426649283
Saci_0286	0.906805145931981	8.96339253782065	0.00806372439979068	0.743654583536252
Saci_0485	-0.780533574196782	9.50084573051417	0.0107394332049315	0.815049814746089
Saci_0158	-0.835090185308312	8.42814228486092	0.0108018650147072	0.815049814746089
Saci_0559	-0.864526853571239	8.4442485717594	0.0144969180197622	0.837857537431643
Saci_1026	0.90340122642099	8.66200652005995	0.0158962479135358	0.837857537431643
Saci_1713	0.847740238442371	10.152744873113	0.0166454449727245	0.837857537431643
Saci_0357	-1.08449416958428	7.75571067079191	0.018550832456356	0.837857537431643
Saci_0721	0.9466358507018	10.2327907699258	0.0192623406369123	0.837857537431643
Saci_0016	0.867965581825694	8.19317719756732	0.0199518118202463	0.837857537431643
Saci_1897	-0.758330649123026	8.98072921701305	0.0219239164881616	0.837857537431643
Saci_1257	1.07818249410054	7.45760002756686	0.0226172473879325	0.837857537431643
Saci_1071	0.775872356662577	10.4105448597829	0.0228901403694283	0.837857537431643
Saci_1660	0.826969526270612	8.74607608931801	0.0229679670900866	0.837857537431643
Saci_0214	-0.709383177313111	10.3656084994081	0.0244911483840416	0.837857537431643
Saci_0099	0.702734297726721	9.42132893239949	0.0250277303877977	0.837857537431643
Saci_2083	0.720065833372465	8.70880088119944	0.025307841140077	0.837857537431643
Saci_0072	0.761050235588346	8.97035285466965	0.0269435809877862	0.837857537431643
Saci_1224	0.710642529625811	14.7708946376951	0.0270048938739905	0.837857537431643
Saci_1626	0.71903307917814	10.7515201506354	0.0272556066393426	0.837857537431643
Saci_1663	0.871565266028158	7.91577141968997	0.0293228220293315	0.869212224440899
Saci_0149	-0.773562646863145	8.06945387003552	0.0310986509890114	0.876502544065763
Saci_0410	0.809569054619028	8.99247225653727	0.0322935181275103	0.876502544065763
Saci_0360	-0.831404216840193	7.93127067386744	0.0328729088416539	0.876502544065763
Saci_0880	0.649895059000554	9.02996208050402	0.0337928691688005	0.876502544065763
Saci_0302	-0.786907382547272	9.49352634626386	0.0416232151131358	0.938710946160945
Saci_1468	-0.817969770551697	7.61899420598237	0.0421801997186669	0.938710946160945
Saci_1165	-0.797418551168706	7.86188811866278	0.0422842671664115	0.938710946160945
Saci_1573	0.823589810678213	11.0277693312466	0.0430717068046838	0.938710946160945
Saci_2131	-0.735325979506099	9.30035905855205	0.0431030679730283	0.938710946160945
Saci_1399	-0.741793042685031	12.5450933680087	0.0444855998595502	0.938710946160945
Saci_0797	0.855202020212505	11.5845689001788	0.0453636011041775	0.938710946160945
Saci_1572	0.656224663097918	9.26272816867753	0.0477361848520423	0.938710946160945
Saci_0054	-0.967129490538688	7.37108361704716	0.0515302724206468	0.938710946160945
Saci_0766	0.646152106615081	8.76550592170259	0.051782944901953	0.938710946160945
Saci_1885	-0.735937490338139	8.02633546984667	0.0535266312685782	0.938710946160945
Saci_0161	0.602739927536543	8.63204053781639	0.0544069784972871	0.938710946160945
Saci_0818	0.759917035892883	9.99033917554472	0.0550930745930126	0.938710946160945
Saci_0921	-0.641302139710509	12.3615180148926	0.055639784273049	0.938710946160945
Saci_2026	-0.762653447027464	7.38501335520136	0.0571046661454333	0.938710946160945
Saci_1678	-0.804113747907729	6.9324497959888	0.0606692457693725	0.938710946160945
Saci_0148	-0.717569124732018	7.41202237787054	0.0608946228163436	0.938710946160945
Saci_0320	-0.824141343070927	7.6494465567169	0.0617536750599622	0.938710946160945
Saci_2126	-0.779353099560529	7.07375966928533	0.0631003035305524	0.938710946160945
Saci_0116	0.723188359179253	8.18300136759185	0.0632845535867758	0.938710946160945
Saci_1599	-0.709579683078837	11.4121890161509	0.0636429904936471	0.938710946160945
Saci_0236	0.753160509488726	8.22746443643488	0.0656462219873838	0.938710946160945
Saci_0986	0.650167219781156	9.38871120038131	0.068045771454543	0.938710946160945
Saci_0147	-0.60312779098086	8.6632684584068	0.068968064976523	0.938710946160945
Saci_0976	-0.744450206705009	7.09151733865937	0.0701613361899351	0.938710946160945
Saci_1470	0.619223437708163	12.3787968332796	0.0703678546515948	0.938710946160945
Saci_1210	-0.728593333811137	7.44939456128674	0.0727287755183394	0.938710946160945
Saci_0459	0.696400952906882	7.94557929522543	0.0733694891430989	0.938710946160945
Saci_1031	0.550843003659333	10.299230637045	0.0748063768243366	0.938710946160945
Saci_1199	-0.738401425966323	7.58849638587647	0.0751468195187606	0.938710946160945
Saci_0415	0.553540095818576	9.63154143999069	0.075708179341675	0.938710946160945
Saci_2263	-0.629275117755243	9.32919468341266	0.0757232545204193	0.938710946160945
Saci_0897	0.684050569319571	8.38514201044318	0.0788998628536311	0.938710946160945
Saci_0957	0.670263098468471	9.60979321314078	0.0790967307501429	0.938710946160945
Saci_1140	-0.536738016487259	10.108153803598	0.0791156021151052	0.938710946160945
Saci_0711	0.562311245672662	9.84852054455256	0.0820015424995368	0.938710946160945
Saci_0219	0.628470429679309	9.32245758833071	0.0841835535847202	0.938710946160945
Saci_1167	-0.747443262487489	7.83140494037921	0.0845053916908853	0.938710946160945
Saci_0024	0.553527186245651	9.26896707132255	0.0854092006127294	0.938710946160945
Saci_2271	-0.779323570817479	7.68094348709718	0.0873794193936059	0.938710946160945
Saci_0079	-0.731506786596983	7.4073910250771	0.0885738191047798	0.938710946160945
Saci_2349	0.59091023097806	10.5901820101657	0.089199732608103	0.938710946160945
Saci_0262	0.581034532575073	9.82178296168013	0.0924781246032529	0.938710946160945
Saci_1402	0.537880428335198	10.8648072454903	0.094204723906263	0.938710946160945
Saci_0700	-0.639263402923916	7.78078880294408	0.0943774067754302	0.938710946160945
Saci_1497	-0.691432640222032	7.34291510803177	0.0954736610290583	0.938710946160945
Saci_0023	0.624422198049167	11.9832572664625	0.0958962552856342	0.938710946160945
Saci_1552	-0.54460366329059	8.39333448460641	0.0961998996413556	0.938710946160945
Saci_0331	-0.778098192833002	7.1975781595694	0.0963075121603234	0.938710946160945
Saci_1285	0.610454329421689	8.75609909875038	0.0968230103571705	0.938710946160945
Saci_0263	0.57744600751743	8.43908576968807	0.0974224511319468	0.938710946160945
Saci_0640	0.582943896313177	11.0691799696761	0.101876721514008	0.938710946160945
Saci_0111	-0.559197685627152	8.45496868794161	0.101932324073728	0.938710946160945
Saci_0304	-0.637638720864783	8.37152279633954	0.103423402711539	0.938710946160945
Saci_1077	-0.551186235766636	10.8717847342783	0.103720441539768	0.938710946160945
Saci_1331	-0.539995216419666	8.50068393237061	0.10390188091268	0.938710946160945
Saci_0695	0.615828364179446	11.8571114942164	0.104846121249028	0.938710946160945
Saci_1834	-0.531884469474774	8.62680313233877	0.105321132556639	0.938710946160945
Saci_0839	-0.560581218253041	8.30124181964781	0.105612847241995	0.938710946160945
Saci_1091	0.780916987286933	7.60810405472872	0.106522925075	0.938710946160945
Saci_0318	0.642628141082301	8.81907308709535	0.106636508679034	0.938710946160945
Saci_1127	-0.653496776713674	7.93595101626773	0.107405707250513	0.938710946160945
Saci_0998	0.52762781305552	10.0112399969721	0.107442819138903	0.938710946160945
Saci_0378	-0.686573279750463	7.00658527295792	0.109023115403547	0.940994790997972
Saci_0943	-0.645698732215137	8.03899494004217	0.111075226360529	0.940994790997972
Saci_1195	-0.568243312221629	12.175667324956	0.111105409057592	0.940994790997972
Saci_1126	-0.648155687825365	6.99939122605195	0.115847888149025	0.951735521726796
Saci_1057	0.486475504479423	9.21216801470905	0.116194104342954	0.951735521726796
Saci_0528	-0.515878302965325	9.24871624301903	0.116403745410545	0.951735521726796
Saci_1671	-0.523559021494915	8.61681927756751	0.1169602689351	0.951735521726796
Saci_1482	0.536992458301591	9.55490522345879	0.120293404380526	0.954810777523486
Saci_1910	0.512589588727453	10.0213108251732	0.120470715609928	0.954810777523486
Saci_0791	-0.63053529822478	7.34088751766786	0.120855745976622	0.954810777523486
Saci_0156	-0.496308088034136	13.4801478286631	0.121939689659626	0.954810777523486
Saci_1478	0.612673556160798	8.17789207271421	0.123143988300465	0.955229068125103
Saci_1076	0.483897953443472	9.60945305702679	0.125595876365157	0.960807037879295
Saci_1449	-0.586176145133705	8.01523564432747	0.126178273649209	0.960807037879295
Saci_0012	0.541239946097928	9.76356878625637	0.129265038563235	0.964855396645596
Saci_1245	0.516517281975018	9.80318530811024	0.130103314891807	0.964855396645596
Saci_1558	0.530957219621618	11.1040547344665	0.13019735472808	0.964855396645596
Saci_1806	0.472336908632478	9.55934314643461	0.134115244579764	0.966086027927096
Saci_1710	0.508726279858047	8.55766902847283	0.135022123849687	0.966086027927096
Saci_1389	-0.69679884231267	7.06756657309655	0.135419706412363	0.966086027927096
Saci_1475	-0.582031475007815	7.64687306912004	0.136676535373674	0.966086027927096
Saci_0892	0.487693360032675	8.89649254431572	0.138525334200558	0.966086027927096
Saci_0857	-0.466937268081271	8.7696918039677	0.139065353078336	0.966086027927096
Saci_1557	0.518549651213082	9.1508933385222	0.139090038700675	0.966086027927096
Saci_1800	0.47026881452879	10.1010024906099	0.140199032959298	0.966086027927096
Saci_2357	0.627158227970049	7.66567402362495	0.140839047444793	0.966086027927096
Saci_1353	-0.499123476970289	8.29036762650163	0.142630638373524	0.970355982377254
Saci_0849	0.497981388239794	8.29895626723815	0.148507044304861	0.974144355045727
Saci_1406	0.605881165631964	7.45506316221296	0.151350318196555	0.974144355045727
Saci_2163	0.439270816883438	9.19484023602669	0.151736838374937	0.974144355045727
Saci_1758	-0.469724541084881	8.44753533044608	0.15216469247398	0.974144355045727
Saci_0529	0.52692474511842	10.5041381844001	0.15352352171529	0.974144355045727
Saci_1774	0.451080953934927	11.1061368265735	0.156118568077629	0.974144355045727
Saci_1218	-0.520928666233431	11.7337519436024	0.156611513815681	0.974144355045727
Saci_1566	0.568269202961666	7.99299141089919	0.15773386303677	0.974144355045727
Saci_1680	-0.469309328081944	10.2583623300839	0.159366341321708	0.974144355045727
Saci_2227	-0.629686120077241	11.3161133920224	0.163392153569113	0.974144355045727
Saci_1332	0.516089688975165	7.99095457542261	0.163491747417272	0.974144355045727
Saci_0679	0.442667725319195	8.64985015615794	0.163827593490967	0.974144355045727
Saci_0934	0.570373375801252	7.41563661871067	0.165470050403486	0.974144355045727
Saci_0854	-0.569899992314457	7.39920165946251	0.165976862135455	0.974144355045727
Saci_1743	0.509879372391823	8.17451611001639	0.169162472633052	0.974144355045727
Saci_1003	0.474734810899281	8.52907177855481	0.17332481946799	0.974144355045727
Saci_1104	-0.469292308407421	10.2533788240079	0.173949876697054	0.974144355045727
Saci_0825	0.457494330127865	12.1924846079887	0.176205266372597	0.974144355045727
Saci_1512	-0.563945606791561	7.94680208301137	0.177244300060113	0.974144355045727
Saci_0049	-0.456505689340757	9.31673981987255	0.177969890911741	0.974144355045727
Saci_1659	0.482645156279659	13.6617283036859	0.18049482960495	0.974144355045727
Saci_1764	-0.547717124234286	7.36728948114163	0.18134688545441	0.974144355045727
Saci_0347	0.419564628731616	10.6664517371446	0.181789632538101	0.974144355045727
Saci_1249	-0.51987519277322	14.4354797848557	0.184891654915942	0.974144355045727
Saci_1302	0.427609936021981	8.45306614899567	0.185339055440431	0.974144355045727
Saci_0294	0.488544335211785	8.50097118177992	0.185887065525999	0.974144355045727
Saci_1669	-0.410584800464019	9.72452386838142	0.187764949239803	0.974144355045727
Saci_2137	0.593946529257389	8.09752870217648	0.188330839884118	0.974144355045727
Saci_0557	0.593528673155826	7.46524092952924	0.190149732343312	0.974144355045727
Saci_1820	0.420712062702183	9.20346329334827	0.190838535461236	0.974144355045727
Saci_1377	-0.41708542481963	12.4128495163338	0.191671464267934	0.974144355045727
Saci_0840	0.433979500623818	10.8100300355329	0.194084927227121	0.974144355045727
Saci_0432	-0.399848405285432	9.68319436819627	0.194104245097738	0.974144355045727
Saci_0123	0.495890161106748	8.4556716700218	0.194381149218824	0.974144355045727
Saci_1342	0.495872679914342	8.44523162918454	0.197523474432773	0.974144355045727
Saci_1625	0.429193317868914	8.47009942307902	0.198168365427628	0.974144355045727
Saci_0948	0.46450014766912	8.35063776552142	0.198262541061607	0.974144355045727
Saci_1035	-0.562322672947702	6.86524922705273	0.201851387384015	0.974144355045727
Saci_0999	0.441949959684522	10.6561280249547	0.203491009236965	0.974144355045727
Saci_2162	0.418775291388194	9.29884585627162	0.203849557296213	0.974144355045727
Saci_0422	0.403454132536537	9.36912645389216	0.204090714571607	0.974144355045727
Saci_1297	-0.385579035751186	9.55797977122028	0.205046201969337	0.974144355045727
Saci_1138	0.527070453077621	7.9113443446534	0.207946017481974	0.974144355045727
Saci_1739	-0.521802374592489	7.29993951477496	0.208514853590863	0.974144355045727
Saci_1477	0.455428430081277	9.78863211366021	0.211419118413623	0.974144355045727
Saci_0381	-0.384698514253238	9.98382553403827	0.21333462343545	0.974144355045727
Saci_2356	-0.497983004387373	7.56263118189536	0.213591713729813	0.974144355045727
Saci_1548	0.513628514191808	7.17460042288388	0.214174352320012	0.974144355045727
Saci_0237	-0.457648608621145	7.89981619602918	0.215745922214418	0.974144355045727
Saci_1186	0.527070762249301	8.09815910846777	0.21655263171956	0.974144355045727
Saci_1223	0.399611772518785	11.1218939489322	0.217398985446206	0.974144355045727
Saci_1782	-0.559192985548715	7.73807468805866	0.217552783320536	0.974144355045727
Saci_2099	-0.421558038274365	9.58984106292211	0.218862119100255	0.974144355045727
Saci_1737	0.394887185394418	9.07716078017805	0.21968381494419	0.974144355045727
Saci_0794	-0.480765451788987	8.41960888491169	0.222415658124105	0.974144355045727
Saci_0178	-0.406726928364728	10.6411658081627	0.223061752946838	0.974144355045727
Saci_2324	0.3877208694402	9.02696990780138	0.223105137484167	0.974144355045727
Saci_0208	0.4380610697734	8.75860475167627	0.223255179557044	0.974144355045727
Saci_1662	0.381853861492582	10.3184043994582	0.224520807739919	0.974144355045727
Saci_1415	-0.430401115083941	9.21469732845004	0.226774529855193	0.974144355045727
Saci_1817	-0.439876986292112	7.93847701085855	0.227532359397274	0.974144355045727
Saci_1788	0.400939915605676	9.62518209016756	0.22841276864312	0.974144355045727
Saci_2119	0.503772348664909	7.13715370069684	0.229284937242045	0.974144355045727
Saci_2110	-0.430869580817811	8.63986207055676	0.230511178487829	0.974144355045727
Saci_1228	0.453760181361399	12.3658862268472	0.231039764799814	0.974144355045727
Saci_2302	0.519771706619007	7.44720291882333	0.231244345812186	0.974144355045727
Saci_2192	0.450938711037138	8.14716990464584	0.232841373511401	0.974144355045727
Saci_2317	-0.357921569813679	9.40909880107906	0.233165973365387	0.974144355045727
Saci_0490	-0.493766572525485	7.53935404236805	0.237151537242175	0.974144355045727
Saci_0278	-0.387884987115409	14.0439899525279	0.238108406870837	0.974144355045727
Saci_0717	0.372607203520554	8.68712777099815	0.240562631728233	0.974144355045727
Saci_1430	-0.380356051963639	10.5027715203192	0.241217640703313	0.974144355045727
Saci_2153	-0.462451865593456	7.58971353316345	0.242032527218493	0.974144355045727
Saci_1514	-0.454850608305753	7.40557349851819	0.242725378154649	0.974144355045727
Saci_1504	-0.39011093769187	10.0801259082772	0.242771740573673	0.974144355045727
Saci_1243	0.37632254327762	11.2614529500554	0.243481000671786	0.974144355045727
Saci_2265	0.422534434775051	10.5022320479682	0.245011070783027	0.974144355045727
Saci_1351	-0.440997201993197	11.6564877761087	0.245702069230398	0.974144355045727
Saci_0769	0.441919364116903	10.9712915714954	0.245832165476691	0.974144355045727
Saci_1584	0.428204132678981	11.6883502748512	0.246973820475492	0.974144355045727
Saci_0737	-0.472574400290325	7.41392702406796	0.247220361385663	0.974144355045727
Saci_1038	-0.355300772999442	9.30937043206747	0.247256421011895	0.974144355045727
Saci_1787	0.474338071284719	6.92563576225563	0.25054336231142	0.974144355045727
Saci_1640	-0.359647719958215	9.64820812091518	0.250979200256876	0.974144355045727
Saci_1217	0.417545148463462	8.82883050521735	0.255658407696881	0.974144355045727
Saci_1025	0.373517488336077	9.15913317946739	0.255833988005178	0.974144355045727
Saci_0337	-0.477235294870896	7.37817554805138	0.255943898526825	0.974144355045727
Saci_1786	-0.379953164814381	8.95075085591823	0.257299592691203	0.974144355045727
Saci_0411	0.370131631469478	10.6198350268808	0.257892789903573	0.974144355045727
Saci_0134	0.379812970656598	10.0633125054763	0.258351096721696	0.974144355045727
Saci_1686	-0.359427616975245	8.90131470944396	0.260540789677368	0.974144355045727
Saci_1538	-0.501615021081893	8.07572645928494	0.260630713090514	0.974144355045727
Saci_2127	-0.44534186199692	7.84871095998478	0.265488907237771	0.974144355045727
Saci_2307	0.433839636563255	12.4343410795226	0.266824031189757	0.974144355045727
Saci_0906	-0.354183276298855	9.91939238454676	0.266831005774187	0.974144355045727
Saci_0287	0.471724627887065	7.67646859364872	0.268410922518518	0.974144355045727
Saci_1358	-0.35545457502247	11.9123672944995	0.271625802156185	0.974144355045727
Saci_0453	-0.326249016926205	9.42938833710589	0.275323759434714	0.974144355045727
Saci_2348	-0.444886283871099	7.67075525549503	0.275420009175269	0.974144355045727
Saci_1284	0.354698388043254	8.96577553146098	0.275575626053578	0.974144355045727
Saci_1418	-0.365300154813569	11.3097155325561	0.275599162568653	0.974144355045727
Saci_0659	0.390498354973224	11.7213207413405	0.2769641925649	0.974144355045727
Saci_0942	0.363546253551064	8.33166728979896	0.277231971685529	0.974144355045727
Saci_0932	0.454196789477693	8.22746681252942	0.280104920589938	0.974144355045727
Saci_0883	0.338090596056243	10.4224352908789	0.280533161333547	0.974144355045727
Saci_2133	-0.51738262208893	7.91795503187095	0.282812806001368	0.974144355045727
Saci_0428	0.346757266903426	11.4766560086866	0.283560891682156	0.974144355045727
Saci_2036	-0.348094464612699	10.0097919606009	0.286367733839058	0.974144355045727
Saci_1762	-0.322904926610281	9.1140606306119	0.288128386402083	0.974144355045727
Saci_2303	0.381193448176136	11.3855241585708	0.289854480519355	0.974144355045727
Saci_0979	-0.338968283657553	10.0740765090438	0.290073411333918	0.974144355045727
Saci_1012	0.403416519909113	8.71747465140498	0.290347466208605	0.974144355045727
Saci_0941	-0.332871766589875	13.1195753642632	0.291097707927881	0.974144355045727
Saci_2363	0.349110766295567	9.78152267548772	0.291152555393257	0.974144355045727
Saci_1571	0.367639130952407	9.04974787415191	0.291411801371476	0.974144355045727
Saci_1757	-0.446538745478503	8.11672049003709	0.295145013710606	0.974144355045727
Saci_0129	0.382379105679034	10.3060543050486	0.295269158633902	0.974144355045727
Saci_2373	0.354745459366384	9.39757172364571	0.295706829611969	0.974144355045727
Saci_0043	0.453579927610378	7.26240621018432	0.296598695909312	0.974144355045727
Saci_0756	-0.448597133431311	6.92510416483247	0.296909937861616	0.974144355045727
Saci_0380	0.378994637535565	10.9672807619787	0.299063405205531	0.974144355045727
Saci_2257	-0.410703821525417	8.30412872055695	0.301214515367908	0.974144355045727
Saci_1267	0.3943880964993	11.9066537812481	0.301446336853984	0.974144355045727
Saci_1333	0.320775666793162	9.29836758405287	0.30180916044496	0.974144355045727
Saci_1490	0.373452817560847	10.2390464513878	0.302789678154858	0.974144355045727
Saci_2088	-0.404142319151079	7.46215923703569	0.303455617245012	0.974144355045727
Saci_1658	0.384745726029003	10.5890356886734	0.303457288502687	0.974144355045727
Saci_1007	-0.421148195709066	7.50392327175407	0.304196819679934	0.974144355045727
Saci_2325	-0.39992661994716	7.85209695932286	0.306105624960862	0.974144355045727
Saci_0680	-0.431415382166194	7.06217595017852	0.306177065456642	0.974144355045727
Saci_1282	-0.415417351097989	7.56783207678823	0.307131713881168	0.974144355045727
Saci_0130	0.395827221783427	7.92228364093294	0.31074643859081	0.974144355045727
Saci_0603	-0.373381005463734	7.94332833922457	0.310748820337896	0.974144355045727
Saci_1061	-0.39911945594993	7.59492370351718	0.312137233694715	0.974144355045727
Saci_1693	-0.431345208387092	7.18004447736976	0.31367632493109	0.974144355045727
Saci_1266	0.318443379853604	9.66424223783346	0.315169361517977	0.974144355045727
Saci_0930	-0.361802726927421	12.622783788917	0.319106869617628	0.974144355045727
Saci_1499	-0.377881770636517	8.41563064099405	0.320419640849444	0.974144355045727
Saci_1505	-0.330724099486701	12.5759605361846	0.321387101918847	0.974144355045727
Saci_1672	0.350270739710793	10.1984437182845	0.322476013905975	0.974144355045727
Saci_0298	0.327757992256659	9.75482329293394	0.323001918439223	0.974144355045727
Saci_0440	-0.362496585321799	9.32848750893627	0.323834056798846	0.974144355045727
Saci_1401	-0.313962841218942	10.4653303522433	0.3245223372089	0.974144355045727
Saci_1802	-0.313233939195506	8.88580092906995	0.325500499684407	0.974144355045727
Saci_1768	-0.321310362574326	9.48917919953338	0.32779855713327	0.974144355045727
Saci_2311	-0.347389538773138	9.33260584603856	0.328143095393294	0.974144355045727
Saci_0334	-0.36007113361374	8.17323853869187	0.328378451624359	0.974144355045727
Saci_0370	-0.395303479367266	8.20353731438715	0.329368213585466	0.974144355045727
Saci_1256	0.306409966365036	10.0643502959658	0.331265325963942	0.974144355045727
Saci_2316	-0.318780965003143	8.39477361400068	0.332789763456925	0.974144355045727
Saci_1833	0.301095417932527	10.1578723602189	0.333043147613038	0.974144355045727
Saci_1343	-0.313677963162284	13.3268680210103	0.333093173761888	0.974144355045727
Saci_1193	0.367530673698789	10.994044018799	0.334499918180877	0.974144355045727
Saci_0025	0.34856947210577	8.59647483823514	0.335319374184438	0.974144355045727
Saci_0154	-0.308649566774335	8.57648568137571	0.336743797051308	0.974144355045727
Saci_2366	0.33125156672065	11.1654699490724	0.338784036166632	0.974144355045727
Saci_0750	0.349773434529498	7.86492266958726	0.33948283034692	0.974144355045727
Saci_1381	0.299208302027012	10.0912860709258	0.340536620598417	0.974144355045727
Saci_0869	-0.403779484156054	7.79645735662579	0.34078713631184	0.974144355045727
Saci_0257	-0.306587364256266	8.87325166628285	0.341040440042675	0.974144355045727
Saci_2308	-0.376436303095161	10.9413762178536	0.341094631147362	0.974144355045727
Saci_1338	0.296396310319754	10.7883269830445	0.345473818053458	0.974144355045727
Saci_0564	0.29378180282351	8.84195191370777	0.345684088267726	0.974144355045727
Saci_0929	-0.309044359655177	11.0482925995734	0.346726203692116	0.974144355045727
Saci_2331	-0.328394732779055	10.4138835375576	0.349274647841176	0.974144355045727
Saci_2318	-0.2936738211989	10.8331592670087	0.34956494425142	0.974144355045727
Saci_0922	-0.323202079272644	9.64170692290117	0.351001513884082	0.974144355045727
Saci_1745	0.32342311738271	9.29284685363122	0.351787027317484	0.974144355045727
Saci_1773	0.321590602229165	9.68491511823687	0.352196961367579	0.974144355045727
Saci_2260	-0.306893487684625	8.6181795218273	0.352407822575387	0.974144355045727
Saci_2211	0.305575353367712	8.93971491764646	0.352432004838972	0.974144355045727
Saci_1840	0.285748460023683	8.67537039204491	0.354660526769261	0.974144355045727
Saci_1624	0.299038590279647	9.35133377317748	0.35525139206675	0.974144355045727
Saci_1761	0.364907565483889	7.89595223188737	0.357713250511873	0.974144355045727
Saci_2169	0.310762823690571	9.08235231346605	0.35835806042176	0.974144355045727
Saci_0920	-0.310832857267146	11.1710969669117	0.359160216217893	0.974144355045727
Saci_1261	0.336358752701862	8.48981038324519	0.359633712006668	0.974144355045727
Saci_2096	-0.376374761376391	7.63189566572755	0.360700701725555	0.974144355045727
Saci_0053	-0.382706245120885	7.24865014357218	0.363438628684401	0.974144355045727
Saci_1536	0.387436101728599	7.55809656954677	0.36540191524078	0.974144355045727
Saci_0266	0.329350748815113	9.62328456001026	0.369965266549882	0.974144355045727
Saci_0010	-0.289119553365888	10.0931919941489	0.370994979613237	0.974144355045727
Saci_1912	0.300796997705252	9.94525598140956	0.372394828455133	0.974144355045727
Saci_0127	-0.3196258849329	8.36918817354158	0.373330499132738	0.974144355045727
Saci_1604	0.331520435665201	11.1102862575218	0.37511250701479	0.974144355045727
Saci_0074	-0.314165720108198	11.3291163326059	0.375913863147873	0.974144355045727
Saci_0900	0.322634503616246	11.4975928966666	0.376198841939404	0.974144355045727
Saci_1620	-0.379519202160225	8.05842300060765	0.377091023842521	0.974144355045727
Saci_1714	0.338064157842496	8.0020449829824	0.377510479889489	0.974144355045727
Saci_2109	0.273245669420903	8.77368553194902	0.37753263338501	0.974144355045727
Saci_1356	0.293910448670817	8.58702835066542	0.378014877359133	0.974144355045727
Saci_0898	-0.299308945462242	9.48590173234556	0.378634823632812	0.974144355045727
Saci_0765	-0.303746370708304	12.1276558763672	0.378687020790136	0.974144355045727
Saci_0003	-0.299894814510691	10.2687591599112	0.379097806025143	0.974144355045727
Saci_1296	-0.278909447608038	8.8377026610208	0.37955680315921	0.974144355045727
Saci_0039	-0.272268024745527	9.4401389718843	0.379667796463843	0.974144355045727
Saci_2338	-0.284515659915729	9.56115446913624	0.381565495598126	0.974144355045727
Saci_1701	-0.359305023124935	8.09119892155766	0.38210617810617	0.974144355045727
Saci_0565	0.325654424093737	8.23549918132036	0.386196508124123	0.974144355045727
Saci_0312	0.269039659861486	9.1957478414895	0.386325694470042	0.974144355045727
Saci_1326	0.317197539355488	8.89435798726471	0.390759981844105	0.974144355045727
Saci_1506	0.296922985864952	11.4854267851576	0.391525000872506	0.974144355045727
Saci_2301	0.329292431543658	7.8466235997226	0.392221151893366	0.974144355045727
Saci_0988	-0.314401830457362	11.8111671861772	0.392764597102448	0.974144355045727
Saci_2152	0.287120056452237	8.47502111028818	0.393031294560078	0.974144355045727
Saci_0846	-0.310493451849018	8.627912541538	0.393178419537371	0.974144355045727
Saci_0164	0.283675184344769	10.5662188000635	0.394907736101356	0.974144355045727
Saci_0865	-0.259638385510968	9.2716807279467	0.396838334221244	0.974144355045727
Saci_1565	0.311574925664617	10.6811532554769	0.39754248940866	0.974144355045727
Saci_0667	0.288301333052862	10.5774652157794	0.399816715747804	0.974144355045727
Saci_1324	0.270259936061611	12.2760913951561	0.400315850297431	0.974144355045727
Saci_1917	-0.28634920752751	8.61005005386911	0.400863872188327	0.974144355045727
Saci_1434	-0.364508928078861	7.78843006610573	0.403109110764755	0.974144355045727
Saci_1674	0.319187674827354	7.87087027253177	0.406476207817715	0.974144355045727
Saci_1911	0.277326576339693	8.63196007001443	0.408184912118906	0.974144355045727
Saci_0878	-0.296595080442808	8.57889548220403	0.409407940019068	0.974144355045727
Saci_0065	-0.258705325616041	8.98300717443853	0.410140667555379	0.974144355045727
Saci_0162	0.261783652978488	10.9776311948438	0.41039162667337	0.974144355045727
Saci_1673	0.277429227597757	9.62498246524771	0.410757058304272	0.974144355045727
Saci_0047	0.269012332285581	12.4353075134776	0.412063123783676	0.974144355045727
Saci_0361	-0.282189278511067	8.7250877034609	0.41418652779463	0.974144355045727
Saci_1398	0.267971124548766	12.7604411097434	0.414203320340792	0.974144355045727
Saci_0089	-0.318781989396447	7.33997240499677	0.416180740977217	0.974144355045727
Saci_0277	-0.270103168070357	11.3535723937093	0.417697894127431	0.974144355045727
Saci_1409	-0.305506904892273	7.76508559932084	0.419815248343759	0.974144355045727
Saci_0663	-0.31690775117861	7.43990694034886	0.420010140826528	0.974144355045727
Saci_0363	-0.349006797720618	7.73327588585199	0.420321848653742	0.974144355045727
Saci_1884	-0.257321419083097	9.93645429265043	0.422782332109454	0.974144355045727
Saci_2238	-0.249662287542991	9.16212314215936	0.427621401581086	0.974144355045727
Saci_1227	0.259470622970171	10.1740092810644	0.427790101685699	0.974144355045727
Saci_0749	0.32290540612226	7.15598026551269	0.428984804422061	0.974144355045727
Saci_1633	0.303305679308978	9.32321868021801	0.429619192442218	0.974144355045727
Saci_2319	-0.245052247615992	8.7350400563009	0.430461841963187	0.974144355045727
Saci_1719	0.282769251780514	8.1990530586095	0.432404190060486	0.974144355045727
Saci_0763	-0.293171816039735	8.4078217511495	0.433590711694219	0.974144355045727
Saci_0316	-0.321517026224764	7.55501154478281	0.43402385853838	0.974144355045727
Saci_0392	0.249214433743109	11.999232688814	0.434254788341457	0.974144355045727
Saci_0995	0.300847623457767	7.88545881570208	0.435470994708743	0.974144355045727
Saci_0060	0.308763490984745	9.12523735726122	0.438439505614856	0.974144355045727
Saci_2266	-0.252731131258837	9.60953989667952	0.441198894155261	0.974144355045727
Saci_0449	0.264264466803708	9.72075264708853	0.441249725008776	0.974144355045727
Saci_1194	0.240220937414653	9.54389643885058	0.441868691859774	0.974144355045727
Saci_1763	-0.241340231397951	9.90889637212976	0.442562468061681	0.974144355045727
Saci_0230	-0.273527359808263	8.41704070523303	0.443932564886617	0.974144355045727
Saci_2310	-0.313679216438441	16.1260003024379	0.446125626945903	0.974144355045727
Saci_1378	-0.303722543847417	8.26293084167262	0.446164998894646	0.974144355045727
Saci_2323	0.305970899897701	8.03402594670552	0.446572968623276	0.974144355045727
Saci_1779	-0.233934560640649	9.52810338905873	0.446712322986636	0.974144355045727
Saci_1755	-0.360239747248129	7.53627173422142	0.446766118752048	0.974144355045727
Saci_1905	-0.255320213141918	8.45962813171941	0.447277462845985	0.974144355045727
Saci_0888	-0.324402031553821	7.72438882938412	0.447470119773818	0.974144355045727
Saci_0666	0.274362959400453	8.33204086635506	0.451294460189028	0.974144355045727
Saci_0634	0.316246457218447	7.85189795806378	0.452389384470204	0.974144355045727
Saci_0030	0.237729304922762	10.8436229755136	0.453872875396549	0.974144355045727
Saci_1570	0.252227568089991	10.2258723740196	0.458530437636866	0.974144355045727
Saci_1248	-0.234439998469786	8.90082191083885	0.459262243159077	0.974144355045727
Saci_0574	-0.265882409685575	8.06617465944902	0.459414567795952	0.974144355045727
Saci_1770	-0.337577824681709	7.71809386174379	0.459523354869171	0.974144355045727
Saci_1202	0.277075045109173	10.8827909034142	0.460071029660355	0.974144355045727
Saci_0919	0.264106606658093	10.3656061814971	0.460123940772057	0.974144355045727
Saci_0328	-0.338783947611992	7.00782053751913	0.462015997983045	0.974144355045727
Saci_2254	-0.277051301676961	12.6327962000816	0.462673130031751	0.974144355045727
Saci_1417	-0.228218909445735	8.96279023228218	0.466255109220166	0.974144355045727
Saci_0773	-0.302125488976928	7.38136419720062	0.468514365422264	0.974144355045727
Saci_0383	-0.246034123371881	8.31786262153863	0.469216695027032	0.974144355045727
Saci_1876	-0.246864012011267	10.641929075138	0.470528099268682	0.974144355045727
Saci_2129	0.334160788077082	7.72526915224204	0.470649293607844	0.974144355045727
Saci_2245	-0.253230179368773	9.30189673320277	0.471760044843393	0.974144355045727
Saci_0265	0.252440370442999	11.0040548094026	0.473940106507102	0.974144355045727
Saci_1730	0.261452307097648	8.70787921947192	0.474191963087164	0.974144355045727
Saci_1214	-0.289106801272487	7.70997431144444	0.476570803524067	0.974144355045727
Saci_1049	-0.237819960975784	9.76370954467959	0.476648895503299	0.974144355045727
Saci_0615	-0.256354554943378	8.17955097704434	0.479412297322596	0.974144355045727
Saci_0144	0.221675295784074	10.706284379135	0.480754218229036	0.974144355045727
Saci_0169	0.255248138786481	8.61771785114768	0.482880365248026	0.974144355045727
Saci_0916	-0.324977344313628	8.04718856071046	0.483802938400758	0.974144355045727
Saci_0372	-0.250814841046638	10.8877956285534	0.485091677760804	0.974144355045727
Saci_0306	-0.277882621749273	7.49197113708258	0.485671597185104	0.974144355045727
Saci_2189	-0.244770844297361	9.82838575832203	0.485782342590413	0.974144355045727
Saci_0258	0.22098893331247	8.93986398731136	0.487710245014376	0.974144355045727
Saci_0243	0.221952920662294	10.4625722873802	0.488128443227529	0.974144355045727
Saci_1963	-0.279459284587192	7.66514230487605	0.489292166673542	0.974144355045727
Saci_0048	-0.270155029671446	8.00895736924134	0.489657697222844	0.974144355045727
Saci_0967	-0.209931839111693	10.0916921047578	0.491126094717422	0.974144355045727
Saci_1321	0.27286588412473	10.3745958984744	0.493726813697895	0.974144355045727
Saci_0313	0.216558667312364	9.9258381814717	0.496114660691516	0.974144355045727
Saci_2122	0.254413185860857	8.1743341300694	0.496285639423624	0.974144355045727
Saci_1920	0.231353456112562	9.13799057164748	0.49755111101352	0.974144355045727
Saci_1655	-0.204429701897851	9.43816947466334	0.499781975724989	0.974144355045727
Saci_1100	0.243912916324701	8.65783870155744	0.500090415840289	0.974144355045727
Saci_1742	-0.269699508053433	7.48300978790431	0.500378304009385	0.974144355045727
Saci_0685	-0.251808745479132	7.68274326537804	0.501121417464497	0.974144355045727
Saci_0924	0.222100473755056	9.90938825615278	0.501249267081242	0.974144355045727
Saci_0268	0.236563040010339	10.5276624565704	0.503406738556815	0.974144355045727
Saci_0926	0.257661488237934	8.14819690108022	0.503591955913991	0.974144355045727
Saci_1784	0.231984442496352	9.16610835104844	0.504243427956097	0.974144355045727
Saci_0804	-0.253775157619725	8.19617795577203	0.505387166685111	0.974144355045727
Saci_0610	-0.234937634609624	8.38889444878869	0.505864607855132	0.974144355045727
Saci_1630	-0.213971072539472	11.680368795041	0.507063439365274	0.974144355045727
Saci_1211	-0.221841063980323	10.8476476919681	0.508126680161117	0.974144355045727
Saci_1567	0.255300874354994	7.94269651415019	0.509010044201036	0.974144355045727
Saci_0232	0.210372315812952	9.86320364620727	0.509040033665203	0.974144355045727
Saci_2123	-0.208956574081508	9.54588028963842	0.50925753500305	0.974144355045727
Saci_0404	-0.196315774178397	9.18920624095526	0.51074768144256	0.974144355045727
Saci_1542	0.25121553044439	7.00459830547366	0.510837925097244	0.974144355045727
Saci_0021	0.228226641933323	10.0011457121645	0.511595098866276	0.974144355045727
Saci_0712	0.242545506769414	10.526376879007	0.512243761679187	0.974144355045727
Saci_2241	-0.227018274034346	10.0667976523531	0.513019360964514	0.974144355045727
Saci_0114	-0.259002023980183	8.1267255157393	0.516555907664678	0.974144355045727
Saci_1304	0.220454306117826	8.32031151635111	0.518323374616393	0.974144355045727
Saci_2170	0.238018528692209	10.3842782745567	0.518672475416064	0.974144355045727
Saci_2332	-0.236910704352294	8.07876733624715	0.518844783361876	0.974144355045727
Saci_0630	-0.254347253435403	8.13861517202286	0.519611892336578	0.974144355045727
Saci_2277	-0.213925211436614	10.0647620897246	0.520900748965274	0.974144355045727
Saci_2282	-0.204980393233914	9.8730468673356	0.521496475387438	0.974144355045727
Saci_1364	-0.246924347982781	7.74534826448193	0.521975640733568	0.974144355045727
Saci_1059	-0.254955040054154	7.68405845294355	0.523821055476747	0.974144355045727
Saci_1443	-0.276987881765567	7.21545880011031	0.523864577867298	0.974144355045727
Saci_0864	0.235733963441379	9.31527199233409	0.524247482925283	0.974144355045727
Saci_0872	0.210432048649888	9.0388058956683	0.524298056287291	0.974144355045727
Saci_1500	0.202301765947947	11.9539976225845	0.525852102005253	0.974144355045727
Saci_1914	0.234315381652316	8.09553537049882	0.525926891432929	0.974144355045727
Saci_0510	-0.196038111180102	9.15470967045276	0.526558564553507	0.974144355045727
Saci_1189	0.251802207589097	8.21277501590362	0.52681630066012	0.974144355045727
Saci_1045	0.206581967488046	11.7005299315644	0.527233770869122	0.974144355045727
Saci_1507	0.193228518350939	9.60806226918352	0.529311212298527	0.974144355045727
Saci_1746	-0.193252921239829	9.00667082673698	0.529517604896057	0.974144355045727
Saci_1271	-0.248983505218849	8.37639339396532	0.530980325746951	0.974144355045727
Saci_1188	-0.204442552630142	11.4846277878263	0.531020651258354	0.974144355045727
Saci_0225	0.23761593333364	7.74749006058568	0.535232410295779	0.974144355045727
Saci_0044	-0.192588253147055	9.8395253394009	0.535360796119911	0.974144355045727
Saci_0388	0.20235589852903	11.0472348357278	0.537768933711382	0.974144355045727
Saci_0939	-0.271314601135354	7.78728228288215	0.538595093352514	0.974144355045727
Saci_1629	-0.236008204961044	10.4022515341497	0.546001863619947	0.974144355045727
Saci_0491	-0.259639624854743	8.12661418113278	0.549986637574972	0.974144355045727
Saci_0879	0.210781345594753	8.19527565775294	0.550196003568884	0.974144355045727
Saci_1494	-0.199740454951767	8.3340791038499	0.551806772633439	0.974144355045727
Saci_0341	0.217539299095357	10.8981058142925	0.553254324708705	0.974144355045727
Saci_0702	0.240578487176974	7.9481899647862	0.553547653616889	0.974144355045727
Saci_0696	-0.221557774338809	9.30721723719394	0.554563772517961	0.974144355045727
Saci_1922	0.251129897900971	6.99427321005323	0.555469975631427	0.974144355045727
Saci_0373	0.230527818777803	10.7818422319345	0.558493197835049	0.974144355045727
Saci_0989	0.201203683729911	11.0802460248392	0.559709320581359	0.974144355045727
Saci_1153	0.214638019505706	9.90435090672091	0.560332245008483	0.974144355045727
Saci_0848	0.186616725185096	8.69279067056095	0.561883618474173	0.974144355045727
Saci_0042	0.237178236289546	9.14629572729866	0.56269617851101	0.974144355045727
Saci_1944	-0.275747927225598	7.94744355044699	0.563112995372763	0.974144355045727
Saci_2253	-0.222692160151721	8.18163377218089	0.564123638758185	0.974144355045727
Saci_1060	0.25575654652475	7.51805095500963	0.565119468584611	0.974144355045727
Saci_0601	-0.230488042944754	7.53033587210122	0.568365663090998	0.974144355045727
Saci_0619	0.184572941350039	10.0626474699619	0.5713581477083	0.974144355045727
Saci_2242	0.18926959960599	11.6250676341995	0.572617980049053	0.974144355045727
Saci_0269	-0.176963499406112	9.2565831736542	0.572723249861857	0.974144355045727
Saci_0207	0.179247072698388	12.0723478930628	0.573816873438203	0.974144355045727
Saci_2372	-0.180023885492601	9.61121486700813	0.573970917355773	0.974144355045727
Saci_0474	0.195750963153107	10.0104652090282	0.574034564042201	0.974144355045727
Saci_0745	-0.177995732668689	9.18301542104845	0.574548541964468	0.974144355045727
Saci_1220	0.200869480416093	8.65906201017364	0.57505151686121	0.974144355045727
Saci_0071	0.185255944958512	8.54311103029209	0.575087307554096	0.974144355045727
Saci_1498	0.267872731392323	7.29136533518311	0.57509469797829	0.974144355045727
Saci_1645	-0.212090341844404	8.95258090775172	0.578141721669526	0.974144355045727
Saci_1972	-0.207029931249766	9.00862640633327	0.578163923906054	0.974144355045727
Saci_1065	-0.190759029594239	8.30126013425963	0.583091094044534	0.974144355045727
Saci_2115	-0.190411443723841	9.7972846355833	0.584071385689551	0.974144355045727
Saci_0533	0.233673028122956	7.16790737894425	0.584433134143594	0.974144355045727
Saci_0618	-0.171012266782358	10.2715630061177	0.586351294071259	0.974144355045727
Saci_0100	-0.200580764740664	9.11939156521503	0.587253023231575	0.974144355045727
Saci_0636	0.16301602359097	8.78244357531029	0.589368760448475	0.974144355045727
Saci_2304	-0.172700232907659	9.26351588314953	0.589897493739764	0.974144355045727
Saci_1801	-0.190024312121141	8.44464523213878	0.59106253794362	0.974144355045727
Saci_0768	0.182081716342386	8.41506859491583	0.591222718873769	0.974144355045727
Saci_0851	0.210413863581225	7.12496315241556	0.592010716794651	0.974144355045727
Saci_0267	0.22548723407056	7.22259182693103	0.592989491397089	0.974144355045727
Saci_1808	-0.201911210354576	8.91083491566401	0.5950936595831	0.974144355045727
Saci_1855	-0.193119669929569	8.01736235568054	0.595560335954091	0.974144355045727
Saci_1639	0.191835022832944	9.39201329366766	0.599119617502833	0.974144355045727
Saci_1921	0.227507492433079	8.00680353860542	0.599779761862169	0.974144355045727
Saci_0227	0.207589172574548	8.11194501042937	0.599984561309524	0.974144355045727
Saci_1675	0.176450984951014	8.50178585922899	0.603774852021557	0.974144355045727
Saci_0067	0.180153002053098	10.2677385200552	0.604098779410215	0.974144355045727
Saci_1366	-0.345501867666857	7.02086079608143	0.608329707520485	0.974144355045727
Saci_1164	0.212986773911957	7.57184962375616	0.609217756888854	0.974144355045727
Saci_1198	-0.264285021989382	7.87356850023559	0.610864055441639	0.974144355045727
Saci_0093	0.185100609366855	8.41028768895534	0.613163715838689	0.974144355045727
Saci_0524	-0.202000978503156	7.28469114805145	0.61320846593497	0.974144355045727
Saci_0446	-0.247563471128116	7.50580440660489	0.613212755739325	0.974144355045727
Saci_1749	-0.17011675965342	8.54949157534393	0.615319133191248	0.974144355045727
Saci_2288	-0.166713832872863	11.6353689247885	0.617146812943372	0.974144355045727
Saci_1521	0.183303137522493	9.10521898699665	0.617640974119033	0.974144355045727
Saci_2350	-0.156818650090521	9.92551566729472	0.619366058349687	0.974144355045727
Saci_1523	-0.238310224624185	7.76589315580065	0.622032726455509	0.974144355045727
Saci_1621	0.155686169654743	10.2568031326337	0.623324949794968	0.974144355045727
Saci_0285	0.189032573483646	7.778275485236	0.625442462203167	0.974144355045727
Saci_0867	-0.192656324557186	8.01705329104839	0.626386733138083	0.974144355045727
Saci_0418	-0.154297090957358	9.46881255912796	0.628291986420936	0.974144355045727
Saci_1250	0.157049632829734	8.58198219987514	0.628690053949758	0.974144355045727
Saci_0138	0.21546383870568	7.47922264557324	0.628986889173614	0.974144355045727
Saci_2039	0.191009548915998	8.37650373817467	0.629284676955758	0.974144355045727
Saci_0966	0.154258093855843	12.0342248228106	0.630553887226255	0.974144355045727
Saci_0982	-0.186694437758471	7.48439576673155	0.631115139378815	0.974144355045727
Saci_2364	0.168805961728592	10.0978200366253	0.631366134166703	0.974144355045727
Saci_1139	0.16749118637714	9.76344719994515	0.631498669421607	0.974144355045727
Saci_2314	0.181271432485366	8.74363911777248	0.631523036444492	0.974144355045727
Saci_0662	0.144364168741716	9.43030025571375	0.635155954444169	0.974144355045727
Saci_0218	0.188520731749636	7.1954768668427	0.635655396073936	0.974144355045727
Saci_0290	0.174952405386789	8.29325881825427	0.636350471504234	0.974144355045727
Saci_0985	0.167557485223252	13.3175932139415	0.637253766741341	0.974144355045727
Saci_0315	0.217814061958153	7.76866162139567	0.638233022863222	0.974144355045727
Saci_1037	0.184958764866474	7.79076713035223	0.639407351231192	0.974144355045727
Saci_2161	0.190926754453498	8.25561358866729	0.63982012258589	0.974144355045727
Saci_0688	-0.148610014154106	10.9986156297844	0.641682945831175	0.974144355045727
Saci_1238	0.160869423506821	11.2639325590233	0.642326621787454	0.974144355045727
Saci_1032	0.209008882494307	8.08885904458092	0.642462102355386	0.974144355045727
Saci_0731	-0.17740334618326	9.70578249413648	0.642609971750605	0.974144355045727
Saci_2168	0.149281672125428	10.1146546452013	0.644102680810858	0.974144355045727
Saci_0733	-0.13924818188661	9.30303539676753	0.645482095941807	0.974144355045727
Saci_1541	-0.158275864758718	9.78777856433513	0.647105680765676	0.974144355045727
Saci_1203	0.15157550075975	12.9569111205646	0.648194436160054	0.974144355045727
Saci_2167	0.176442598075209	7.6407357061946	0.649263348005146	0.974144355045727
Saci_2118	-0.166331603670877	9.3569360028141	0.650369190536718	0.974144355045727
Saci_0917	-0.173025652151964	8.6486489358717	0.650865389351225	0.974144355045727
Saci_0504	-0.14786533698853	12.0285740324395	0.652467242696702	0.974144355045727
Saci_2261	-0.139900459213263	8.72085133157675	0.654783219729262	0.974144355045727
Saci_1011	-0.153640547299209	11.2543208752743	0.655314364692284	0.974144355045727
Saci_2328	0.146707993664302	8.74784400360214	0.655712685742954	0.974144355045727
Saci_0242	0.14188376032462	10.4976499987386	0.655817032294312	0.974144355045727
Saci_0228	0.148619063176562	8.69565344417848	0.65724721195564	0.974144355045727
Saci_0992	0.143067073251448	11.1620049953032	0.659034439383049	0.974144355045727
Saci_1040	0.163558697517844	9.14521648962073	0.660168614876598	0.974144355045727
Saci_1132	0.154856474142114	8.52161367192845	0.66170477488387	0.974144355045727
Saci_0703	-0.166461139142879	8.06589420110471	0.663045242335036	0.974144355045727
Saci_0450	-0.142418049886075	11.3287751942034	0.664376258378949	0.974144355045727
Saci_1839	0.17178847265711	8.33832145221918	0.664584661243534	0.974144355045727
Saci_0870	0.183608230000463	7.84296867353978	0.665808021486969	0.974144355045727
Saci_1363	-0.151337754971858	8.63478294481607	0.666812149895019	0.974144355045727
Saci_0424	0.161945019375991	10.6219464328961	0.668544922890201	0.974144355045727
Saci_1015	-0.138905078300876	9.18543120555706	0.668979779533662	0.974144355045727
Saci_2276	0.152986191148986	8.56551827668201	0.66962319860543	0.974144355045727
Saci_0423	0.140555720334981	8.52750344170783	0.670955601783812	0.974144355045727
Saci_0699	-0.167676208859323	8.01184925659534	0.67175739530618	0.974144355045727
Saci_2320	0.163556084933166	7.52765237038964	0.672057245246919	0.974144355045727
Saci_1491	-0.148795347372761	8.33582198658726	0.672957514914556	0.974144355045727
Saci_0102	-0.1757896447818	7.80446538552212	0.683375954248389	0.974144355045727
Saci_1148	-0.148755388787638	8.90004416008129	0.683938544022614	0.974144355045727
Saci_0675	-0.127902677654041	10.2650567177064	0.683975894113873	0.974144355045727
Saci_0421	-0.1278020414814	9.24807361562124	0.684689761239737	0.974144355045727
Saci_1212	-0.13490944816271	12.2937997289719	0.686405881917958	0.974144355045727
Saci_1539	0.160023400534816	7.84894518355348	0.687560060948624	0.974144355045727
Saci_0837	0.130388710338345	8.64614413646906	0.688017281811135	0.974144355045727
Saci_1973	0.12769432672891	11.0520079535937	0.688993239469205	0.974144355045727
Saci_0641	-0.131744049634549	9.56181039353795	0.690134007639889	0.974144355045727
Saci_0119	0.129093083520375	9.02645060066865	0.690668795001204	0.974144355045727
Saci_2113	0.192519016293015	7.72572938188304	0.691162611015509	0.974144355045727
Saci_1231	0.124243953960047	9.69936459717649	0.691356451691536	0.974144355045727
Saci_1014	0.14034197652469	10.7557634704315	0.69161930399055	0.974144355045727
Saci_1050	0.190189918367532	7.24032384273893	0.69307922685831	0.974144355045727
Saci_1492	-0.139551835953758	9.30205258330113	0.693163536888705	0.974144355045727
Saci_2339	-0.123858267138093	9.61260106857481	0.69338453921859	0.974144355045727
Saci_2132	-0.147377169841197	10.8347244517335	0.693483512205658	0.974144355045727
Saci_1246	0.123811939032092	8.62792881280994	0.694639974886614	0.974144355045727
Saci_1513	-0.140170603811761	8.32385704058113	0.695461398668797	0.974144355045727
Saci_0483	0.168420161097462	8.11023313754397	0.696994022558451	0.974144355045727
Saci_0863	0.123447633497262	12.7249774554423	0.697480811045733	0.974144355045727
Saci_0841	0.136968907513266	9.56755956563739	0.700941419736492	0.974144355045727
Saci_1915	0.190167546502031	7.78896724235313	0.701476898845326	0.974144355045727
Saci_0152	-0.160764318169195	8.53639367050836	0.701623475754658	0.974144355045727
Saci_1455	0.163081631231024	7.85016677601812	0.702467092861801	0.974144355045727
Saci_2024	0.168808263062877	8.12952769342355	0.702673481493485	0.974144355045727
Saci_0199	0.170256684909463	7.67212939021863	0.703140551749962	0.974144355045727
Saci_1646	0.149312073321208	11.0953022552698	0.704057889370259	0.974144355045727
Saci_0189	0.121041958623687	9.64760589880115	0.70439329581926	0.974144355045727
Saci_1600	0.14769711826057	8.61454955875446	0.70507817853992	0.974144355045727
Saci_0693	-0.158559559712692	8.13482827573886	0.705861698284005	0.974144355045727
Saci_1535	0.149301581520453	8.45026828315741	0.706730147531728	0.974144355045727
Saci_1683	-0.122810418156112	9.57027535836185	0.707059814244167	0.974144355045727
Saci_1753	0.176668816976099	7.51873533148561	0.709603985663592	0.974144355045727
Saci_0956	-0.118912943432655	9.51068041113847	0.709625521805933	0.974144355045727
Saci_1483	-0.118149617574249	9.73819411726439	0.709631914052623	0.974144355045727
Saci_1081	-0.188082537962956	7.94943986008373	0.710253258149438	0.974144355045727
Saci_1414	-0.13512983611969	11.2310021109247	0.710394257843205	0.974144355045727
Saci_1725	0.15550958337141	8.57177293188286	0.710777241788707	0.974144355045727
Saci_0539	0.163377329059911	7.81650600913254	0.712713592833786	0.974144355045727
Saci_0058	0.135893883599253	8.35906332118063	0.713450646656253	0.974144355045727
Saci_0748	0.121921305356817	9.27784947951036	0.714623865763027	0.974144355045727
Saci_0118	0.203489528334191	7.29882166088372	0.715191161006654	0.974144355045727
Saci_0366	-0.116430785797994	10.8868101796107	0.715779000709363	0.974144355045727
Saci_0803	0.120908375576704	10.7727844261418	0.715836633307074	0.974144355045727
Saci_0124	-0.160900828383186	7.74104961574547	0.71608818513727	0.974144355045727
Saci_0871	0.190735165686587	7.5645721881495	0.718432333367494	0.974144355045727
Saci_1095	-0.158339380148444	7.54626273970621	0.718811488548014	0.974144355045727
Saci_0430	-0.12073499926114	10.72335468154	0.719946948611397	0.974144355045727
Saci_1051	0.147073009299686	7.22502421940037	0.720632089154309	0.974144355045727
Saci_0496	0.158096507215389	7.85283801916118	0.724339578224386	0.975929279338831
Saci_0107	-0.159217881499525	7.85820227574793	0.725307918831993	0.975929279338831
Saci_2138	-0.112419791954262	10.4223274286638	0.725656372929574	0.975929279338831
Saci_0369	-0.160210381606474	7.44547228839003	0.727721609300806	0.975929279338831
Saci_0911	-0.17336882426686	7.3815787079011	0.727831595073177	0.975929279338831
Saci_0473	-0.160200465139805	8.19303286342472	0.731214134808515	0.978533064566571
Saci_1711	-0.113213483905133	11.2384445395614	0.733478498064948	0.978533064566571
Saci_0250	0.126720089948319	8.69124851262681	0.734135359926214	0.978533064566571
Saci_0884	0.114618473297541	8.87698095254241	0.734680439851025	0.978533064566571
Saci_0637	0.114251262725167	9.71398154519213	0.738512742996684	0.978533064566571
Saci_2352	0.114293458670787	9.61985241702259	0.738823583281531	0.978533064566571
Saci_1197	-0.113186391067179	7.98274285530029	0.740673984827964	0.978533064566571
Saci_2197	0.108731249849287	8.78135608855017	0.742402595809009	0.978533064566571
Saci_0175	-0.140851053900573	8.39984034565715	0.74255538400689	0.978533064566571
Saci_1731	0.148279153501142	8.01082118150217	0.74439784753035	0.978533064566571
Saci_0295	-0.100140113899151	9.44020418773271	0.744606886639861	0.978533064566571
Saci_2023	-0.171326804748042	7.54913853041568	0.744957384704383	0.978533064566571
Saci_0701	-0.110653246407114	7.77036676754548	0.746078604949521	0.978533064566571
Saci_0239	-0.112013988293167	8.83974066975649	0.746278831169445	0.978533064566571
Saci_1568	-0.18736473222437	7.42818760297889	0.74845693658712	0.979841099948438
Saci_0800	-0.105087862147292	10.7212474022535	0.751874045769691	0.9825303516086
Saci_0202	-0.103885375491374	10.0086886783864	0.753393108602126	0.9825303516086
Saci_0940	-0.133723238707598	7.93486248149346	0.754062450571901	0.9825303516086
Saci_1715	-0.12810503716404	7.86030664364791	0.756735623250554	0.983223276844743
Saci_0203	0.131233655639654	9.00944054143832	0.756963462534688	0.983223276844743
Saci_0167	0.13612375782782	7.87247968989389	0.758496563662983	0.983675231000431
Saci_1396	-0.126384429526032	7.70206834499843	0.765604797405279	0.986484803727666
Saci_0340	0.102341313458003	9.71403679484449	0.765824733047056	0.986484803727666
Saci_0364	0.0962406513164684	10.3852284985542	0.765986101742234	0.986484803727666
Saci_0412	-0.158647995827192	7.60860859745004	0.767811006309443	0.986484803727666
Saci_1690	-0.0989657065165373	10.1479585644282	0.76861141178349	0.986484803727666
Saci_0856	0.0927492183781023	13.7701929687829	0.770511013768625	0.986484803727666
Saci_0448	-0.136182168895379	7.93463937047493	0.770578937145653	0.986484803727666
Saci_0507	-0.0964611362428327	12.3477021749535	0.774644370805926	0.986484803727666
Saci_0759	0.12824898425218	7.39696235698832	0.774862116607003	0.986484803727666
Saci_0647	-0.127000353506757	7.74291405983776	0.776283601827138	0.986484803727666
Saci_1656	-0.105735620189636	11.7210011908161	0.776300903027386	0.986484803727666
Saci_0226	0.0921537832238725	9.58363713964962	0.776321663687778	0.986484803727666
Saci_1909	0.0927024556663927	9.46088786792298	0.776662231065773	0.986484803727666
Saci_1251	0.0955276657161137	9.44790446301034	0.777302483901076	0.986484803727666
Saci_0547	0.0915212723636173	9.90214728784783	0.778599308401793	0.986622024387005
Saci_2128	0.128854472752697	7.43468848676197	0.782478207481373	0.990025780807225
Saci_1147	-0.0845239259830532	9.44783056003781	0.786184165760671	0.990732117537769
Saci_1896	0.0852495526879601	10.6038686923802	0.786998981948517	0.990732117537769
Saci_0838	-0.145813743626389	7.82231907936101	0.787336829478177	0.990732117537769
Saci_1641	-0.104762237896343	13.2530135564129	0.787811081415575	0.990732117537769
Saci_2334	-0.0887371915946171	8.92091776399136	0.791615399392353	0.992936251680867
Saci_1428	0.0810261195031059	9.47930290826777	0.794080133129148	0.992936251680867
Saci_2343	-0.0963499143742912	8.2716790236723	0.79692105575438	0.992936251680867
Saci_0893	0.0786520178889949	10.0614080211889	0.799460449342547	0.992936251680867
Saci_2239	-0.100940532532771	9.04517455047393	0.79969895902595	0.992936251680867
Saci_1290	0.0994988123423981	8.30427772784261	0.800693434739672	0.992936251680867
Saci_0725	-0.0862276712648433	9.03438477302177	0.801819037074385	0.992936251680867
Saci_1242	-0.0806625897020334	9.94763618856934	0.80210244453479	0.992936251680867
Saci_1495	0.0927300353508228	8.82573131716218	0.802481930490215	0.992936251680867
Saci_1070	0.0774018093276518	10.2089871588301	0.803920863238518	0.992936251680867
Saci_1667	0.0921029629898093	7.35325537739762	0.80653039469064	0.992936251680867
Saci_1727	0.13222310653404	7.82826060696506	0.806718391307366	0.992936251680867
Saci_0140	0.0858809721751128	9.25401361521467	0.808582832929323	0.992936251680867
Saci_2117	-0.0877410548575992	9.61940118487907	0.810813302354868	0.992936251680867
Saci_0761	-0.107462829485296	7.98536488978504	0.811120604175888	0.992936251680867
Saci_1346	0.0817700286214419	7.39893396878018	0.811367252915933	0.992936251680867
Saci_2346	-0.110407458862569	7.69169136742739	0.811619490960787	0.992936251680867
Saci_2275	0.0830995743589564	9.53658826553573	0.811636603313661	0.992936251680867
Saci_1635	0.0908707828185513	8.12732081075399	0.814469882304275	0.992936251680867
Saci_1323	0.0854289979921246	10.3571759517454	0.815038477837143	0.992936251680867
Saci_0075	-0.0826221195765412	8.94167128032745	0.816319893366951	0.992936251680867
Saci_0847	0.0803064943908938	10.175696096653	0.819238083446412	0.992936251680867
Saci_1866	0.101071896385235	7.74975162613373	0.819583312829888	0.992936251680867
Saci_2367	-0.0874518041781633	9.78941999966331	0.82063311873091	0.992936251680867
Saci_0425	-0.0782925080071013	11.4748790386029	0.822606513483766	0.992936251680867
Saci_1390	-0.106296441470458	7.80852756550724	0.822861474333281	0.992936251680867
Saci_0552	0.0798275390976475	9.17021232047174	0.824082052741313	0.992936251680867
Saci_0495	-0.0797344135340817	9.29735064774267	0.825054870599967	0.992936251680867
Saci_1850	0.0656268566238844	8.78141325795535	0.826043906781817	0.992936251680867
Saci_2353	0.0737347950664645	11.6768969531532	0.826965655524193	0.992936251680867
Saci_0393	0.0843765498200157	8.21309021512799	0.827663519442219	0.992936251680867
Saci_2312	0.0851797189584728	8.75743422744456	0.827845645979711	0.992936251680867
Saci_0500	0.0876955108629581	7.86216877993482	0.832525572045783	0.995996596847938
Saci_2289	0.0680967028898101	9.91000454427806	0.834235763545159	0.995996596847938
Saci_0217	-0.0859085091365713	8.90061810956931	0.835267337945906	0.995996596847938
Saci_1314	0.0652514310341718	10.5899499070147	0.835404322611504	0.995996596847938
Saci_0165	-0.112579438240969	7.86551465342804	0.838646749406858	0.995996596847938
Saci_1325	0.0670286758416631	8.89971446756301	0.839190043157702	0.995996596847938
Saci_0971	-0.0676659449088412	12.3785814198405	0.839447297715411	0.995996596847938
Saci_1769	0.0765369553830972	12.1115726216819	0.841035942826594	0.995996596847938
Saci_0886	0.0625296475632337	9.42598353548317	0.841197125771572	0.995996596847938
Saci_0303	0.0698913017076808	9.58836241986588	0.843890191020832	0.997174951948608
Saci_1534	0.0675581160581991	8.73760033685612	0.844595170144423	0.997174951948608
Saci_0351	-0.0603895971678739	11.1381225503822	0.849724707863097	0.999381260862835
Saci_0555	0.0631832238178064	8.95289165445299	0.85115989961208	0.999381260862835
Saci_0789	-0.0612210108000815	11.4859601146537	0.852896163610636	0.999381260862835
Saci_0201	0.148170599129467	7.69371973744272	0.854409440545458	0.999381260862835
Saci_2374	-0.0585948914702074	8.63182523189748	0.856293648973829	0.999381260862835
Saci_0687	0.0568034637759822	10.3561620164465	0.85677967839944	0.999381260862835
Saci_1405	-0.0907411878810367	7.38241217177564	0.856882548392725	0.999381260862835
Saci_1225	-0.0584287378216216	10.2681807703035	0.857891279487916	0.999381260862835
Saci_1289	0.0658712353030969	11.9995824499164	0.858956721672934	0.999381260862835
Saci_1036	0.0718059088852293	7.28873466573794	0.861646005269551	0.999381260862835
Saci_2326	0.058878737571431	9.82671109257738	0.861812583832553	0.999381260862835
Saci_2228	0.0651001628069666	13.5264864984573	0.862072915991225	0.999381260862835
Saci_1721	-0.0700222232212639	8.27871434245447	0.862116846720229	0.999381260862835
Saci_1813	0.0610361449809489	7.97378038056712	0.863622881167428	0.999730810835376
Saci_2164	-0.0639439559433192	7.68843037570254	0.868902508133308	1
Saci_1852	0.0992627277300234	7.51915728730886	0.87177555868933	1
Saci_1949	0.0633189257619659	7.97286434968658	0.873442385735314	1
Saci_0918	-0.0582492157815228	13.4768409120979	0.87502683383873	1
Saci_0275	0.109956065457327	7.53946379235352	0.87626576494917	1
Saci_1372	-0.0562957761862227	10.9188866397345	0.878172411989097	1
Saci_1308	0.0602733936154015	8.12932449761578	0.879839581390458	1
Saci_0617	0.0486101043891359	8.20542814322732	0.879941511790257	1
Saci_1908	-0.0580824980474237	9.0156716182442	0.881424732865965	1
Saci_1201	-0.0752002238538547	8.13496927189184	0.882513300468014	1
Saci_0499	0.0559704320581532	8.82623430258576	0.884310791360738	1
Saci_1192	-0.0570474561514863	10.4527154522941	0.884443943664496	1
Saci_0379	0.0463115074804734	10.0991432454746	0.884730222814676	1
Saci_1471	0.0739155518208377	7.73376226735602	0.885073645888586	1
Saci_0994	0.0463476931948557	8.91140004886408	0.886705017579376	1
Saci_2341	-0.109248332321492	7.60343784232254	0.890743596495482	1
Saci_1496	-0.0394700182044605	8.27608110234385	0.891835671149128	1
Saci_1664	0.0440439760849676	11.6063280442285	0.892881848304433	1
Saci_1274	0.045414230173419	12.1981933275636	0.893034859802334	1
Saci_2100	0.0716312497203804	8.4256061176308	0.894163225317464	1
Saci_1919	-0.0472144026039292	9.49738675091618	0.894378452666814	1
Saci_0829	0.0459627818533963	11.9393784697041	0.894591910529476	1
Saci_0389	0.0533109017463245	8.45148459487547	0.895529793528096	1
Saci_0830	0.0427823672202672	11.9324591733188	0.898180145521292	1
Saci_2375	0.0719368840659844	7.75220263145886	0.900195774667079	1
Saci_1632	0.0431290411211438	11.9484239726565	0.900375900287698	1
Saci_0550	-0.0434984021901052	10.8580027103919	0.901159166927953	1
Saci_0487	0.0396776694185782	11.7970570369301	0.904822053648391	1
Saci_1074	0.035719645718378	8.9022686194997	0.908986332823852	1
Saci_0946	-0.0583595868813638	7.48333969858792	0.910693152323534	1
Saci_1205	0.0233296544582072	7.33720205931654	0.910846486229854	1
Saci_0801	-0.0396453777948843	9.37115952531559	0.910848262354654	1
Saci_0155	-0.0369704687109568	11.1389383404223	0.911378145809959	1
Saci_1838	-0.0567724420642986	8.00419257171857	0.914049319706208	1
Saci_1400	0.0286876922132093	8.21490121626734	0.914819998201781	1
Saci_0346	0.0410711226422599	8.36135882361558	0.915362252443473	1
Saci_0970	0.0334752742520447	8.8176806773549	0.915804238786417	1
Saci_1041	0.0339306579491501	11.4663260701692	0.919563747020572	1
Saci_1391	-0.075229062633914	8.31299981134645	0.920524123280454	1
Saci_1707	0.0326629613656934	10.2146965294876	0.922772526032139	1
Saci_1561	-0.0509897423733367	7.33327956831006	0.923776427112592	1
Saci_1292	0.0322889295174074	11.2141786446106	0.924260470833709	1
Saci_1614	0.0732758682718749	7.74021934122025	0.926482500851338	1
Saci_1689	-0.026147395346977	8.53523634087348	0.927235102630566	1
Saci_0944	-0.0322186975376117	10.9218001900333	0.928525258472488	1
Saci_0795	0.0401672014735154	7.82461850311925	0.928667837688109	1
Saci_1574	0.0369149280843884	8.626206388358	0.92983406938184	1
Saci_2279	0.0328303979036649	9.35291620087584	0.930514115879162	1
Saci_2181	0.0312472221997891	8.91599006735163	0.930965359048422	1
Saci_1697	-0.0235784631423326	8.72021689667843	0.934175298233744	1
Saci_1859	-0.0541117588780147	7.73568270991047	0.934467929375404	1
Saci_1828	-0.029523342748139	10.9334264641241	0.934814580748169	1
Saci_1754	0.026831784280054	8.03864082181417	0.937537353973869	1
Saci_0327	0.0435763375890623	7.90330618653837	0.938558491031644	1
Saci_0034	0.0255999148924792	11.4193538215521	0.938575650343492	1
Saci_1668	0.0325910728025934	10.7467755939391	0.939086186605763	1
Saci_0117	0.025182523137807	9.66711206750753	0.940250946149748	1
Saci_0824	0.0271843812167391	8.20290351320626	0.941929274539515	1
Saci_0736	-0.030962929742373	9.00098399840462	0.942551691169344	1
Saci_0384	0.0275988256190597	10.7340594486832	0.943654844535899	1
Saci_0405	0.0257329742377828	9.00579766582018	0.943940782346775	1
Saci_0445	0.0269234344764294	8.96870285205783	0.944183617324976	1
Saci_0216	0.0236615248012905	11.2607083669657	0.949091433191933	1
Saci_1411	-0.0592477228724155	7.27972986787962	0.949376137424182	1
Saci_1101	0.0250939696032719	9.64215695916796	0.950996264590601	1
Saci_0128	-0.0226848086652563	9.39393176376861	0.95569470805182	1
Saci_1357	0.0200812779456862	12.9650479078844	0.957260785199463	1
Saci_0787	0.0191932576362509	10.0962961863625	0.958314722232235	1
Saci_0494	-0.0395597516898085	8.76196489782514	0.958434924481125	1
Saci_0949	-0.0511060196083064	7.62755173972196	0.95978660380306	1
Saci_2247	0.0241963316062412	7.64015602195113	0.960124796775162	1
Saci_1780	-0.0640958734936392	7.65276801970453	0.960821316892561	1
Saci_0240	-0.0213956670618774	9.6483419829896	0.96501839854747	1
Saci_0479	-0.0346579570006695	9.30383985298658	0.967514274201436	1
Saci_2236	-0.0288701771882564	8.09695992676631	0.968522770033718	1
Saci_0097	0.0201556247222926	10.0366749210759	0.968614397361608	1
Saci_0131	0.0366446376578482	8.20868056858881	0.971596976867788	1
Saci_0720	0.0212116496998987	8.06605905391101	0.972495552519038	1
Saci_1480	0.00216156334082475	8.2721285993906	0.973297834458607	1
Saci_0899	-0.0132157363713107	11.2679891553627	0.973582823901949	1
Saci_0057	0.0110074670271918	12.7098470786128	0.97639847290965	1
Saci_0836	0.0129982431722178	10.0801944981512	0.977098652813165	1
Saci_1564	0.00519848870853349	8.85250422298806	0.979561327116634	1
Saci_0567	0.0093083921910805	10.8556349249774	0.981173332194828	1
Saci_0798	-0.00256346788695375	9.1495778058968	0.983318360729542	1
Saci_0546	-0.016037798609141	9.21791997398483	0.98356881685551	1
Saci_0160	-0.00594477893092335	10.0275457403486	0.984672391638419	1
Saci_1489	-0.015936020855654	9.51799977351836	0.987006168853361	1
Saci_0125	-0.00420117269903463	9.68183029615853	0.988558526380253	1
Saci_1219	0.00465593332646881	10.7121146778915	0.989202866045927	1
Saci_0046	0.00615294996383091	11.8268658340706	0.990107541931905	1
Saci_0933	0.00784544374352882	10.749420906919	0.990337443579303	1
Saci_0414	0.00335353879407374	12.9333763323733	0.993154379324114	1
Saci_2087	0.0202236942623194	8.0533997925544	0.999999999999999	1
Saci_1320	-0.0372091734289555	7.64711284918927	0.999999999999999	1
Saci_0566	-0.0219326326162495	8.11639273204286	0.999999999999999	1
Saci_1058	-0.0139473654870213	9.1216888689514	0.999999999999999	1
Saci_0790	-0.000952684481687255	10.694876626711	0.999999999999999	1
Saci_1676	-0.0222261897638009	7.44322061854502	1	1
Saci_1827	-0.00297259555208197	7.87989709943127	1	1
Saci_2246	-0.00760434649724881	8.76888775139571	1	1
Saci_0744	-0.00587168071229002	9.22809927436736	1	1
Saci_1545	0.0017887135109713	10.1055475556244	1	1
Saci_1585	0.00365189827217184	9.56601888685459	1	1
Saci_1818	-0.0287229518685377	7.70842695106786	1	1
Saci_1776	-0.023310491587619	7.22996003448889	1	1
Saci_0017	-0.0131915942575219	8.01384042323435	1	1
Saci_1182	0.0126857308124738	9.16788868039146	1	1
Saci_1939	0.0114364866377861	8.34179549765267	1	1
Saci_1960	-0.00886364345434366	7.15088457021035	1	1
Saci_0434	0.00875296028982158	8.21141702660255	1	1
Saci_0977	0.0059920979973389	10.4384086661577	1	1
Saci_1809	0.00256934716201756	8.96267787368084	1	1
